MSGames Name,Saolei Name,WoM Name,MSGames ID,Saolei ID,WoM ID
boru,,boru,9524,,1388039
Feng Yifei,冯一飞,momoi,,20744,1883059
Guo Jin Yang,郭锦洋,Rodallega,4417,9672,5309760
Hao Ran GONG,龚浩然,Aryaaa,8368,21271,4937981
Ji-Heng JIANG,姜霁恒,jjh20823,9011,20823,5024767
Kiraa96,迈克尔,kiraa96,8371,24189,3569263
Michael Gottlieb,,Michael Gottlieb,3701,,451139
Qi HUANG,黄琪,77.,3640,2051,5225686
Qi-PEI,裴祺,275,8496,21275,4791337
Qin-Jie Ling,凌钦杰,lqj,10168,19310,4311842
Shao-Wu ZHANG,张少武,MsPVZ.ZSW,6134,13299,5611645
Shi-Ying LIN,林诗颖,Mervyn,4468,10462,5195071
Sitan Gao,高思坦,GST,7771,19528,1782632
Tian-Yi PU,濮天羿,PTY,8747,9952,1783173
Tong-Xin ZHOU,周桐欣,firework,7422,16413,4808725
Xian-Yao ZHANG,张先耀,stan_kimi,4485,10638,843734
Xue-Tong HUANG,黄雪彤,hxtscjk,8223,17173,2870006
Yan Zhong,钟言,darkness,7286,13688,1782591
Yao-Yu ZHU,朱耀宇,ZYY,6820,14433,2179773
Ying-Jin LIANG,梁盈晋,lyjak47,5382,12131,3322053
Yu ZHU,朱煜,lvhua,7298,17163,5024524
Ze-En JU,鞠泽恩,JZE,7872,18290,1782682
,顾平,shuipingace,4461,10453,5238661
,金昱成,无宝宝,,23758,4800834
,刘小杰,lxjjay老树,8061,14464,4981001
,向飞宇,tonyXFY,8394,13382,2913836
